Workbook

Sheet OvertimeReport
A1: DANH SÁCH GIẢNG VIÊN VƯỢT GIỜ NĂM 2024 - 2025
A2: TỔNG HỢP TẤT CẢ CÁC KHOA
A4: STT | B4: Họ tên Giảng viên | C4: Thu nhập (lương thực nhận, không tính phụ cấp học hàm, học vị) | D4: Định mức giờ giảng | E4: Được giảm | F4: Số tiết chưa hoàn thành NCKH | G4: Định mức phải giảng | H4: Thực tế giảng dạy | W4: Số tiết vượt định mức | AD4: Mức TT chuẩn | AE4: Thành tiền | AK4: Thực nhận | AL4: Ký nhận
H5: Học kỳ I | L5: Học kỳ II | Q5: Cả năm
H6: VN | I6: Lào | J6: Cuba | K6: CPC | L6: VN | M6: Lào | N6: Cuba | O6: CPC | P6: Đóng HP | Q6: VN | R6: Lào | S6: Cuba | T6: CPC | U6: Đóng HP | V6: Tổng | W6: VN | X6: Lào | Y6: Cuba | Z6: CPC | AA6: Đóng HP | AB6: Tổng | AC6: Tổng T.Toán | AE6: VN | AF6: Lào | AG6: Cuba | AH6: CPC | AI6: Đóng HP | AJ6: Tổng
A7: ='KHOA CNTT'!A$7 | B7: ='KHOA CNTT'!B$7
A8: ='KHOA CNTT'!A$8 | B8: ='KHOA CNTT'!B$8 | C8: ='KHOA CNTT'!C$8 | D8: ='KHOA CNTT'!D$8 | E8: ='KHOA CNTT'!E$8 | F8: ='KHOA CNTT'!F$8 | G8: ='KHOA CNTT'!G$8 | H8: ='KHOA CNTT'!H$8 | ... AK8: ='KHOA CNTT'!AK$8
A9: ='KHOA CNTT'!A$9 | B9: ='KHOA CNTT'!B$9 | C9: ='KHOA CNTT'!C$9 | D9: ='KHOA CNTT'!D$9 | E9: ='KHOA CNTT'!E$9 | F9: ='KHOA CNTT'!F$9 | G9: ='KHOA CNTT'!G$9 | H9: ='KHOA CNTT'!H$9 | ... AK9: ='KHOA CNTT'!AK$9
A10: Tổng cộng | D10: ='KHOA CNTT'!D$10 | E10: ='KHOA CNTT'!E$10 | F10: ='KHOA CNTT'!F$10 | G10: ='KHOA CNTT'!G$10 | H10: ='KHOA CNTT'!H$10 | I10: ='KHOA CNTT'!I$10 | J10: ='KHOA CNTT'!J$10 | K10: ='KHOA CNTT'!K$10 | ... AK10: ='KHOA CNTT'!AK$10
A11: ='KHOA MẬT MÃ'!A$7 | B11: ='KHOA MẬT MÃ'!B$7
A12: ='KHOA MẬT MÃ'!A$8 | B12: ='KHOA MẬT MÃ'!B$8 | C12: ='KHOA MẬT MÃ'!C$8 | D12: ='KHOA MẬT MÃ'!D$8 | E12: ='KHOA MẬT MÃ'!E$8 | F12: ='KHOA MẬT MÃ'!F$8 | G12: ='KHOA MẬT MÃ'!G$8 | H12: ='KHOA MẬT MÃ'!H$8 | ... AK12: ='KHOA MẬT MÃ'!AK$8
A13: Tổng cộng | D13: ='KHOA MẬT MÃ'!D$9 | E13: ='KHOA MẬT MÃ'!E$9 | F13: ='KHOA MẬT MÃ'!F$9 | G13: ='KHOA MẬT MÃ'!G$9 | H13: ='KHOA MẬT MÃ'!H$9 | I13: ='KHOA MẬT MÃ'!I$9 | J13: ='KHOA MẬT MÃ'!J$9 | K13: ='KHOA MẬT MÃ'!K$9 | ... AK13: ='KHOA MẬT MÃ'!AK$9
A14: Tổng cộng toàn bộ | D14: =SUM(D$10,D$13) | E14: =SUM(E$10,E$13) | F14: =SUM(F$10,F$13) | G14: =SUM(G$10,G$13) | H14: =SUM(H$10,H$13) | I14: =SUM(I$10,I$13) | J14: =SUM(J$10,J$13) | K14: =SUM(K$10,K$13) | ... AK14: =SUM(AK$10,AK$13)
B15: Bằng chữ: Một trăm sáu mươi tám triệu một trăm năm mươi nghìn đồng

Sheet KHOA CNTT
A1: DANH SÁCH GIẢNG VIÊN VƯỢT GIỜ NĂM 2024 - 2025
A2: KHOA CÔNG NGHỆ THÔNG TIN
A4: STT | B4: Họ tên Giảng viên | C4: Thu nhập (lương thực nhận, không tính phụ cấp học hàm, học vị) | D4: Định mức giờ giảng | E4: Được giảm | F4: Số tiết chưa hoàn thành NCKH | G4: Định mức phải giảng | H4: Thực tế giảng dạy | W4: Số tiết vượt định mức | AD4: Mức TT chuẩn | AE4: Thành tiền | AK4: Thực nhận | AL4: Ký nhận
H5: Học kỳ I | L5: Học kỳ II | Q5: Cả năm
H6: VN | I6: Lào | J6: Cuba | K6: CPC | L6: VN | M6: Lào | N6: Cuba | O6: CPC | P6: Đóng HP | Q6: VN | R6: Lào | S6: Cuba | T6: CPC | U6: Đóng HP | V6: Tổng | W6: VN | X6: Lào | Y6: Cuba | Z6: CPC | AA6: Đóng HP | AB6: Tổng | AC6: Tổng T.Toán | AE6: VN | AF6: Lào | AG6: Cuba | AH6: CPC | AI6: Đóng HP | AJ6: Tổng
A7: I | B7: KHOA CNTT
A8: 1 | B8: Phạm Văn Hưởng | C8: 22541435 | D8: 270 | E8: 81 | F8: 0 | G8: 189 | H8: 0 | I8: 0 | J8: 0 | K8: 0 | L8: 0 | M8: 0 | N8: 0 | O8: 0 | P8: 538.75 | Q8: =SUM(H8,L8) | R8: =SUM(I8,M8) | S8: =SUM(J8,N8) | T8: =SUM(K8,O8) | U8: =SUM(P8) | V8: =SUM(Q8,R8,S8,T8,U8) | W8: 120 | X8: 10 | Y8: 95 | Z8: 0 | AA8: 36.3 | AB8: =SUM(W8,X8,Y8,Z8,AA8) | AC8: =AB8 | AD8: 100000 | AE8: =ROUND(W8*AD8,0) | AF8: =ROUND(X8*AD8,0) | AG8: =ROUND(Y8*AD8,0) | AH8: =ROUND(Z8*AD8,0) | AI8: =ROUND(AA8*AD8,0) | AJ8: =SUM(AE8,AF8,AG8,AH8,AI8) | AK8: =IF(AC8>0,ROUND(V8/AC8*AJ8,0),0)
A9: 2 | B9: Nguyễn Văn Phác | C9: 30424205 | D9: 270 | E9: 40.5 | F9: 67.33 | G9: 296.83 | H9: 0 | I9: 0 | J9: 0 | K9: 0 | L9: 7.1 | M9: 0 | N9: 0 | O9: 0 | P9: 581.9 | Q9: =SUM(H9,L9) | R9: =SUM(I9,M9) | S9: =SUM(J9,N9) | T9: =SUM(K9,O9) | U9: =SUM(P9) | V9: =SUM(Q9,R9,S9,T9,U9) | W9: 180 | X9: 15 | Y9: 120 | Z9: 20 | AA9: 7.1 | AB9: =SUM(W9,X9,Y9,Z9,AA9) | AC9: =AB9 | AD9: 100000 | AE9: =ROUND(W9*AD9,0) | AF9: =ROUND(X9*AD9,0) | AG9: =ROUND(Y9*AD9,0) | AH9: =ROUND(Z9*AD9,0) | AI9: =ROUND(AA9*AD9,0) | AJ9: =SUM(AE9,AF9,AG9,AH9,AI9) | AK9: =IF(AC9>0,ROUND(V9/AC9*AJ9,0),0)
A10: Tổng cộng | D10: =SUM(D$8:D$9) | E10: =SUM(E$8:E$9) | F10: =SUM(F$8:F$9) | G10: =SUM(G$8:G$9) | H10: =SUM(H$8:H$9) | I10: =SUM(I$8:I$9) | J10: =SUM(J$8:J$9) | K10: =SUM(K$8:K$9) | ... AK10: =SUM(AK$8:AK$9)
B11: Bằng chữ: Một trăm sáu mươi tám triệu một trăm năm mươi nghìn đồng

Sheet KHOA MẬT MÃ
A1: DANH SÁCH GIẢNG VIÊN VƯỢT GIỜ NĂM 2024 - 2025
A2: KHOA MẬT MÃ
A4: STT | B4: Họ tên Giảng viên | C4: Thu nhập (lương thực nhận, không tính phụ cấp học hàm, học vị) | D4: Định mức giờ giảng | E4: Được giảm | F4: Số tiết chưa hoàn thành NCKH | G4: Định mức phải giảng | H4: Thực tế giảng dạy | W4: Số tiết vượt định mức | AD4: Mức TT chuẩn | AE4: Thành tiền | AK4: Thực nhận | AL4: Ký nhận
H5: Học kỳ I | L5: Học kỳ II | Q5: Cả năm
H6: VN | I6: Lào | J6: Cuba | K6: CPC | L6: VN | M6: Lào | N6: Cuba | O6: CPC | P6: Đóng HP | Q6: VN | R6: Lào | S6: Cuba | T6: CPC | U6: Đóng HP | V6: Tổng | W6: VN | X6: Lào | Y6: Cuba | Z6: CPC | AA6: Đóng HP | AB6: Tổng | AC6: Tổng T.Toán | AE6: VN | AF6: Lào | AG6: Cuba | AH6: CPC | AI6: Đóng HP | AJ6: Tổng
A7: II | B7: KHOA MẬT MÃ
A8: 1 | B8: Bùi Thu Lâm | C8: 31535312 | D8: 270 | E8: 0 | F8: 0 | G8: 270 | H8: 67.5 | I8: 32 | J8: 0 | K8: 0 | L8: 0 | M8: 0 | N8: 60 | O8: 0 | P8: 160 | Q8: =SUM(H8,L8) | R8: =SUM(I8,M8) | S8: =SUM(J8,N8) | T8: =SUM(K8,O8) | U8: =SUM(P8) | V8: =SUM(Q8,R8,S8,T8,U8) | W8: 210 | X8: 20 | Y8: 160 | Z8: 0 | AA8: 67.5 | AB8: =SUM(W8,X8,Y8,Z8,AA8) | AC8: =AB8 | AD8: 100000 | AE8: =ROUND(W8*AD8,0) | AF8: =ROUND(X8*AD8,0) | AG8: =ROUND(Y8*AD8,0) | AH8: =ROUND(Z8*AD8,0) | AI8: =ROUND(AA8*AD8,0) | AJ8: =SUM(AE8,AF8,AG8,AH8,AI8) | AK8: =IF(AC8>0,ROUND(V8/AC8*AJ8,0),0)
A9: Tổng cộng | D9: =SUM(D$8:D$8) | E9: =SUM(E$8:E$8) | F9: =SUM(F$8:F$8) | G9: =SUM(G$8:G$8) | H9: =SUM(H$8:H$8) | I9: =SUM(I$8:I$8) | J9: =SUM(J$8:J$8) | K9: =SUM(K$8:K$8) | ... AK9: =SUM(AK$8:AK$8)
B10: Bằng chữ: Một trăm sáu mươi tám triệu một trăm năm mươi nghìn đồng
